Variant,Penetrance,All_PPMI_N809,PPMI_Sporadic_N383,SURE_PD2_N74,SURE_PD3_N259,STEADY_PD3_N329
All variants,--,505 (62.4),231 (60.3),34 (45.9),179 (69.1),234 (71.1)
r variants,--,365 (45.1),152 (39.7),17 (23.0),122 (47.1),169 (51.4)
R variants,--,199 (24.6),103 (26.9),20 (27.0),83 (32.0),107 (32.5)
R163Q (rs885479),r,76 (9.4),41 (10.7),4 (5.4),25 (9.7),39 (11.9)
V60L (rs1805005),r,241 (29.8),78 (20.4),--,68 (26.3),90 (27.4)
V92M (rs2228479),r,95 (11.7),55 (14.4),7 (9.5),35 (13.5),54 (16.4)
R151C (rs1805007),R,91 (11.2),50 (13.1),6 (8.1),44 (17.0),35 (10.6)
R160W (rs1805008),R,82 (10.1),44 (11.5),8 (10.8),34 (13.1),49 (14.9)
D294N/H (rs1805009),R,14 (1.7),11 (2.9),1 (1.4),9 (3.5),13 (4.0)
D84E (rs1805006),R,9 (1.1),4 (1.0),3 (4.1),5 (1.9),7 (2.1)
R142H (rs11547464),R,17 (2.10),5 (1.3),2 (2.7),2 (0.8),10 (3.0)
A218T (rs200965363),R,1 (0.1),1 (0.3),--,0,1 (0.3)
R213W (rs200000734),R,3 (0.4),2 (0.6),--,0,0
R306C (rs747847234),R,1 (0.1),1 (0.3),--,0,0
C289R (rs369542041),R,1 (0.1),1 (0.3),--,0,0
N29KfsTer14,R,3 (0.4),1 (0.3),--,3 (1.2),1 (0.3)
