Variant,Penetrance,Lorenzo_Betancor_N889,Gan_Or_SPOT_N539,Gan_Or_MNI_N551,gnomAD_EUR_Finnish,gnomAD_EUR_NonFinnish,gnomAD_AJ,gnomAD_EAS,gnomAD_AFR
All variants,--,0.47,--,--,--,--,--,--,--
r variants,--,0.27,0.33,0.23,--,--,--,--,--
R variants,--,0.20,--,--,--,--,--,--,--
R163Q (rs885479),r,0.05,0.06,0.02,0.22,0.05,0.03,0.71,0.02
V60L (rs1805005),r,0.13,0.20,0.14,0.06,0.12,0.29,<0.01,0.02
V92M (rs2228479),r,0.09,0.07,0.07,0.07,0.09,0.06,0.19,0.01
R151C (rs1805007),R,0.09,0.07,0.05,0.07,0.09,0.07,<0.01,0.01
R160W (rs1805008),R,0.08,0.05,0.05,0.07,0.08,0.06,<0.01,0.01
D294N/H (rs1805009),R,0.02,0.01,0.02,<0.01,0.02,<0.01,<0.01,<0.01
D84E (rs1805006),R,0.01,--,--,<0.01,0.01,<0.01,<0.01,<0.01
R142H (rs11547464),R,0.01,--,--,<0.01,0.01,0.02,<0.01,<0.01
