Stratum,Group,N_MC1R,MC1R_slope_95CI,Beta_diff_95CI,Pct_diff,P_value
Zygosity,Heterozygote,211,"2.48 (2.21, 2.75)","0.53 (0.12, 0.95)",27.3,0.01
Zygosity,Homozygote,20,"3.02 (2.01, 4.04)","1.16 (0.11, 2.22)",62.6,0.03
Penetrance,r variant,120,"2.45 (2.07, 2.82)","0.52 (0.03, 1.01)",27.0,0.04
Penetrance,R variant,111,"2.53 (2.16, 2.89)","0.61 (0.14, 1.07)",31.5,0.01
Variant,R163Q,41,"2.27 (1.68, 2.86)","0.35 (-0.31, 1.00)",18.0,0.30
Variant,V60L,78,"2.38 (1.94, 2.82)","0.49 (-0.05, 1.02)",25.6,0.08
Variant,V92M,55,"2.56 (2.04, 3.08)","0.63 (0.03, 1.24)",32.9,0.04
Variant,R151C,50,"2.17 (1.65, 2.70)","0.35 (-0.25, 0.94)",18.9,0.26
Variant,R160W,44,"2.63 (2.07, 3.20)","0.70 (0.07, 1.34)",36.4,0.03
Variant,D294N/H,11,"2.95 (1.79, 4.10)","1.07 (-0.12, 2.25)",56.7,0.08
